"Philadelphia, United States"
"Leicestershire, United Kingdom"
"Genève, Schweiz"
"London, United Kingdom"
"Edinburgh, United Kingdom"
"Lambeth, United Kingdom"
"Dronrijp, Nederland"
"Napoli, Italia"
"Dunkerque, France"
"Liverpool, United Kingdom"
"London, United Kingdom"
"London, United Kingdom"
"Berkshire, United Kingdom"
"Bristol, United Kingdom"
"London, United Kingdom"
"Pontypool, United Kingdom"
"Dublin, Éire"
"London, United Kingdom"
"Cork, Éire"
"Stevenage, United Kingdom"
"Dorset, United Kingdom"
"Great Dunmow, United Kingdom"
"Burford, United Kingdom"
"London, United Kingdom"
"Dundee, United Kingdom"
"Wolverhampton, United Kingdom"
"London, United Kingdom"
"London, United Kingdom"
"Wien, Österreich"
"Arnold, United Kingdom"
"Carlisle, United Kingdom"
"Norwich, United Kingdom"
"Kensington"
"Oxford, United Kingdom"
"Camden, United Kingdom"
"London, United Kingdom"
"Paris, France"
"Lincolnshire, United Kingdom"
"Reigate, United Kingdom"
"Southampton, United Kingdom"
"England, United Kingdom"
"Worcester, United Kingdom"
"Dublin, Éire"
"Deptford, United Kingdom"
"Calais, France"
"Chelmsford, United Kingdom"
"Glasgow, United Kingdom"
"Birmingham, United Kingdom"
"Musselburgh, United Kingdom"
"London, United Kingdom"
"Lausanne, Schweiz"
"Thomastown, Éire"
"Nottinghamshire, United Kingdom"
"Morges, Schweiz"
"Louisville, United States"
"Chester, United Kingdom"
"Poitiers, France"
"London, United Kingdom"
"Greenwich, United Kingdom"
"Devon, United Kingdom"
"Lincoln, United Kingdom"
"London, United Kingdom"
"Birmingham, United Kingdom"
"Swaffham, United Kingdom"
"Norfolk, United Kingdom"
"Whitby, United Kingdom"
"Warrington, United Kingdom"
"London, United Kingdom"
"Suffolk, United Kingdom"
"Dorset, United Kingdom"
"London, United Kingdom"
"London, United Kingdom"
"London, United Kingdom"
"Portsmouth, United Kingdom"
"Breda, Nederland"
"London, United Kingdom"
"Glossop, United Kingdom"
"London, United Kingdom"
"London, United Kingdom"
"Hampstead, United Kingdom"
"Suffolk, United Kingdom"
"Hampstead, United Kingdom"
"London, United Kingdom"
"London, United Kingdom"
"Canterbury, United Kingdom"
"Boston, United States"
"Lincolnshire, United Kingdom"
"London, United Kingdom"
"Norwich, United Kingdom"
"Birmingham, United Kingdom"
"Rossiya"
"London, United Kingdom"
"Kingsbridge, United Kingdom"
"Liverpool, United Kingdom"
"Sheffield, United Kingdom"
"Camborne, United Kingdom"
"Norwich, United Kingdom"
"Norwich, United Kingdom"
"London, United Kingdom"
"London, United Kingdom"
"London, United Kingdom"
"Chatham, United Kingdom"
"Danmark"
"London, United Kingdom"
"Wooler, United Kingdom"
"Wooler, United Kingdom"
"Wexford, Éire"
"London, United Kingdom"
"Chertsey, United Kingdom"
"Chertsey, United Kingdom"
"London, United Kingdom"
"Leominster, United Kingdom"
"Dublin, Éire"
"London"
"London, United Kingdom"
"Weymouth, United Kingdom"
"Basel, Schweiz"
"London, United Kingdom"
"Charlottesville, United States"
"Stone, United Kingdom"
"London, United Kingdom"
"London, United Kingdom"
"London, United Kingdom"
"York, United Kingdom"
"Edinburgh, United Kingdom"
"Edinburgh, United Kingdom"
"Brighton, United Kingdom"
"Ruabon, United Kingdom"
"Dublin, Éire"
"London, United Kingdom"
"London, United Kingdom"
"Aberdeen, United Kingdom"
"Kettering, United Kingdom"
"Plymouth"
"London, United Kingdom"
"Framlingham, United Kingdom"
"London, United Kingdom"
"London, United Kingdom"
"Clonakilty, Éire"
"York, United Kingdom"
"Antwerpen, België"
"Gatehouse of Fleet, United Kingdom"
"London, United Kingdom"
"England, United Kingdom"
"Perth"
"Edinburgh, United Kingdom"
"Scotland, United Kingdom"
"Leicestershire, United Kingdom"
"Melton Mowbray, United Kingdom"
"England, United Kingdom"
"Liverpool, United Kingdom"
"Boston, United States"
"York, United Kingdom"
"London, United Kingdom"
"Dublin, Éire"
"Ottawa, Canada"
"Dublin, Éire"
"London, United Kingdom"
"Tynemouth, United Kingdom"
"Edinburgh, United Kingdom"
"Ripon, United Kingdom"
"London, United Kingdom"
"Greifswald, Deutschland"
"Leicester, United Kingdom"
"Zürich, Schweiz"
"Sudbury, United Kingdom"
"London, United Kingdom"
"Kendal, United Kingdom"
"London, United Kingdom"
"Clare, Éire"
"Edinburgh, United Kingdom"
"Brugge, België"
"Wales, United Kingdom"
"London, United Kingdom"
"Blackheath, United Kingdom"
"London, United Kingdom"
"Leicestershire, United Kingdom"
"Berwick-upon-Tweed, United Kingdom"
"London, United Kingdom"
"England, United Kingdom"
"Edinburgh, United Kingdom"
"Kettering, United Kingdom"
"London, United Kingdom"
"London, United Kingdom"
"Edinburgh, United Kingdom"
"London, United Kingdom"
"Southampton, United Kingdom"
"Amsterdam, Nederland"
"Burgdorf, Schweiz"
"Leeds, United Kingdom"
"Greenock, United Kingdom"
"London, United Kingdom"
"London, United Kingdom"
"Tournai, België"
"Cambridge, United Kingdom"
"Surrey, United Kingdom"
"Scotland, United Kingdom"
"Scotland, United Kingdom"
"Deptford, United Kingdom"
"Nottingham, United Kingdom"
"Plymouth, United Kingdom"
"London, United Kingdom"
"Reading, United Kingdom"
"Plymouth, United Kingdom"
"Bristol, United Kingdom"
"Worcester, United Kingdom"
"England, United Kingdom"
"Newcastle upon Tyne, United Kingdom"
"Chertsey, United Kingdom"
"Maldon, United Kingdom"
"Surrey, United Kingdom"
"Doncaster, United Kingdom"
"Dublin, Éire"
"Lymington, United Kingdom"
"London, United Kingdom"
"London, United Kingdom"
"Islington, United Kingdom"
"Lincoln, United Kingdom"
"Eye, United Kingdom"
"London, United Kingdom"
"London, United Kingdom"
"London, United Kingdom"
"Staffordshire, United Kingdom"
"Christchurch, United Kingdom"
"London, United Kingdom"
"Dublin, Éire"
"Dublin, Éire"
"London, United Kingdom"
"London, United Kingdom"
"London, United Kingdom"
"Kotagiri, Bharat"
"London, United Kingdom"
"Devon, United Kingdom"
"Liverpool, United Kingdom"
"London, United Kingdom"
"Honiton, United Kingdom"
"Liverpool, United Kingdom"
"London, United Kingdom"
"London, United Kingdom"
"Glasgow, United Kingdom"
"London, United Kingdom"
"Nottinghamshire, United Kingdom"
"Antwerpen, België"
"Farnley, United Kingdom"
"Leeds, United Kingdom"
"North Yorkshire, United Kingdom"
"London, United Kingdom"
"Bristol, United Kingdom"
"Powys, United Kingdom"
"Chur, Schweiz"
"London, United Kingdom"
"Antwerpen, België"
"Grimsby, United Kingdom"
"Exeter, United States"
"London, United Kingdom"
"Lübeck, Deutschland"
"Sevenoaks, United Kingdom"
"Dorset, United Kingdom"
"Stafford, United Kingdom"
"Norwich, United Kingdom"
"Kent, United Kingdom"
"Willingdon, United Kingdom"
"London, United Kingdom"
"King's Lynn, United Kingdom"
"Auxerre, France"
"Hannover, Deutschland"
"Chiswick, United Kingdom"
"Munster, Éire"
"London, United Kingdom"
"Belfast, United Kingdom"
"Bristol, United Kingdom"
"Wellington, United Kingdom"
"England, United Kingdom"
"Greater London, United Kingdom"
"Saint Hélier"
"London, United Kingdom"
"Dijon, France"
"Scarborough, United Kingdom"
"Soest, Deutschland"
"Isle of Man"
"London, United Kingdom"
"London, United Kingdom"
"Barnstaple, United Kingdom"
"London, United Kingdom"
"London, United Kingdom"
"London, United Kingdom"
"Liverpool, United Kingdom"
"Cirencester, United Kingdom"
"Lincoln, United Kingdom"
"Edinburgh, United Kingdom"
"Argyll, United Kingdom"
"Glasgow, United Kingdom"
"Glasgow, United Kingdom"
"Argyll and Bute, United Kingdom"
"Cork, Éire"
"Argyll and Bute, United Kingdom"
"Scotland, United Kingdom"
"London, United Kingdom"
"Leicestershire, United Kingdom"
"Edinburgh, United Kingdom"
"Haydon Bridge, United Kingdom"
"London, United Kingdom"
"Witley, United Kingdom"
"Angus, United Kingdom"
"Port Adelaide, Australia"
"Berlin, Deutschland"
"Philadelphia, United States"
"Southampton, United Kingdom"
"London"
"York, United Kingdom"
"York, United Kingdom"
"Edinburgh, United Kingdom"
"London, United Kingdom"
"Walthamstow, United Kingdom"
"Eastbourne, United Kingdom"
"Cincinnati, United States"
"Bristol, United Kingdom"
"Ennis, Éire"
"Greenwich, United Kingdom"
"Glasgow, United Kingdom"
"Delft, Nederland"
"Edinburgh, United Kingdom"
"Halifax, Canada"
"Leith, United Kingdom"
"Edinburgh, United Kingdom"
"Edinburgh, United Kingdom"
"Plymouth, United Kingdom"
"Dublin, Éire"
"Saint Agnes, United Kingdom"
"Edinburgh, United Kingdom"
"Dublin, Éire"
"Saint Hélier"
"London, United Kingdom"
"London, United Kingdom"
"Beckington"
"Knutsford, United Kingdom"
"London, United Kingdom"
"Freshwater, United Kingdom"
"Edinburgh, United Kingdom"
"Aberdeen, United Kingdom"
"Dudley, United Kingdom"
"London, United Kingdom"
"London, United Kingdom"
"Buckinghamshire, United Kingdom"
"Bristol"
"Islington, United Kingdom"
"London, United Kingdom"
"Bristol, United Kingdom"
"London, United Kingdom"
"London, United Kingdom"
"Paris, France"
"Calcutta, Bharat"
"Plymouth, United Kingdom"
"Bristol, United Kingdom"
"Scotland, United Kingdom"
"Edinburgh, United Kingdom"
"Preston, United Kingdom"
"Hampshire, United Kingdom"
"London, United Kingdom"
"Edinburgh, United Kingdom"
"Plympton, United Kingdom"
"England, United Kingdom"
"London, United Kingdom"
"Greater London, United Kingdom"
"London, United Kingdom"
"Newcastle upon Tyne, United Kingdom"
"London, United Kingdom"
"King's Lynn, United Kingdom"
"London, United Kingdom"
"London, United Kingdom"
"Edinburgh, United Kingdom"
"Nottingham, United Kingdom"
"Durham, United Kingdom"
"Dalton-in-Furness, United Kingdom"
"Marylebone, United Kingdom"
"London, United Kingdom"
"London, United Kingdom"
"Lorient, France"
"London, United Kingdom"
"Edinburgh, United Kingdom"
"London, United Kingdom"
"Guildford, United Kingdom"
"Wigan, United Kingdom"
"London, United Kingdom"
"Dorking, United Kingdom"
"Limerick, Éire"
"Nottingham, United Kingdom"
"Nottingham, United Kingdom"
"Norwich, United Kingdom"
"Croydon, United Kingdom"
"Firenze, Italia"
"London, United Kingdom"
"London, United Kingdom"
"Edinburg, United States"
"London, United Kingdom"
"Edinburgh"
"London, United Kingdom"
"London, United Kingdom"
"Auch, France"
"London, United Kingdom"
"London, United Kingdom"
"London, United Kingdom"
"Southampton, United Kingdom"
"Dublin, Éire"
"Wigton, United Kingdom"
"Stourbridge, United Kingdom"
"Antwerpen, België"
"London, United Kingdom"
"London, United Kingdom"
"London, United Kingdom"
"London, United Kingdom"
"London, United Kingdom"
"Edinburgh, United Kingdom"
"Pateley Bridge, United Kingdom"
"Wigton, United Kingdom"
"London, United Kingdom"
"Chichester, United Kingdom"
"London, United Kingdom"
"Cumbria, United Kingdom"
"London, United Kingdom"
"London, United Kingdom"
"London, United Kingdom"
"London, United Kingdom"
"Kingston-Upon-Hull, United Kingdom"
"Ormskirk, United Kingdom"
"London, United Kingdom"
"Sunderland, United Kingdom"
"England, United Kingdom"
"London, United Kingdom"
"Norwich, United Kingdom"
"Torquay, United Kingdom"
"Kingston-Upon-Hull, United Kingdom"
"London, United Kingdom"
"Dorset, United Kingdom"
"Edinburgh, United Kingdom"
"England, United Kingdom"
"Graz, Österreich"
"London, United Kingdom"
"London, United Kingdom"
"London, United Kingdom"
"Rochdale"
"Oldham, United Kingdom"
"Dunbarton, United Kingdom"
"Cheshire, United Kingdom"
"Clapham, United Kingdom"
"North Kingstown, United States"
"Liverpool, United Kingdom"
"Brentford, United Kingdom"
"Manchester, United Kingdom"
"Borehamwood, United Kingdom"
"Bath, United Kingdom"
"London, United Kingdom"
"Norwich, United Kingdom"
"London, United Kingdom"
"Bristol, United Kingdom"
"London, United Kingdom"
"Dailly, United Kingdom"
"Dorset, United Kingdom"
"London, United Kingdom"
"Antwerpen, België"
"Exeter, United Kingdom"
"York, United Kingdom"
"Woodstock, United Kingdom"
"London, United Kingdom"
"Oxfordshire, United Kingdom"
"London, United Kingdom"
"London, United Kingdom"
"Antwerpen, België"
"Antwerpen, België"
"Hackney, United Kingdom"
"Hackney, United Kingdom"
"Lecce, Italia"
"Waal, Deutschland"
"United States"
"London, United Kingdom"
"Gloucester, United Kingdom"
"Devonport, United Kingdom"
"London, United Kingdom"
"Norfolk, United Kingdom"
"London, United Kingdom"
"London, United Kingdom"
"Paris, France"
"Roma, Italia"
"London, United Kingdom"
"London, United Kingdom"
"Chelsea, United Kingdom"
"Oxford, United Kingdom"
"London, United Kingdom"
"Canterbury"
"London, United Kingdom"
"Swarthmore, United States"
"Hertford, United Kingdom"
"Hertford, United Kingdom"
"London, United Kingdom"
"Lowell, United States"
"London, United Kingdom"
"Cults, United Kingdom"
"Exeter, United Kingdom"
"Lambeth, United Kingdom"
"Merthyr Tydfil, United Kingdom"
"Bristol, United Kingdom"
"Wales, United Kingdom"
"Liverpool, United Kingdom"
"London, United Kingdom"
"Castle Cary, United Kingdom"
"Warrington, United Kingdom"
"London, United Kingdom"
"Warwickshire, United Kingdom"
"London, United Kingdom"
"Derby, United Kingdom"
"London, United Kingdom"
"London, United Kingdom"
"Taganrog, Rossiya"
"Frankfurt am Main, Deutschland"
"Italia"
"Wigan, United Kingdom"
"New York, United States"
"Isleworth, United Kingdom"
"Leeds, United Kingdom"
"Worcester, United Kingdom"
"London, United Kingdom"
"Northampton, United Kingdom"
"London, United Kingdom"
"Tuszyn, Polska"
"Reading, United Kingdom"
"Udine, Italia"
"Ayacucho, Argentina"
"Edinburgh, United Kingdom"
"Carpignano Sesia, Italia"
"Bottrop, Deutschland"
"Chicago, United States"
"Greenwich, United Kingdom"
"Bruxelles, België"
"Edinburgh, United Kingdom"
"Southampton, United Kingdom"
"Seremban, Malaysia"
"Cumbria, United Kingdom"
"London, United Kingdom"
"Los Angeles, United States"
"Solothurn"
"Córdoba, España"
"Quincy, United States"
"Norwich, United Kingdom"
"London, United Kingdom"
"Eure, France"
"Sankt-Peterburg, Rossiya"
"Erie, United States"
"Amsterdam, Nederland"
"Fulham, United Kingdom"
"Middlesbrough, United Kingdom"
"Nagoya, Nihon"
"Kiyev, Ukrayina"
"Hai Phìng, Viet Nam"
"Tuchów, Polska"
"Radauti, România"
"Nice, France"
"Ringwood, United Kingdom"
"Leeds, United Kingdom"
"Hastings, United Kingdom"
"Oxford, United Kingdom"
"Strasburg, Deutschland"
"Washington, United States"
"Rotherham, United Kingdom"
"Cumbria, United Kingdom"
"Qacentina, Al-Jaza'ir"
"Richmond, United Kingdom"
"Liverpool, United Kingdom"
"Berlin, Deutschland"
"Leicester, United Kingdom"
"Altmar, United States"
"Québec, Canada"
"London, United Kingdom"
"London, United Kingdom"
"Dublin, Éire"
"London, United Kingdom"
"Seattle, United States"
"Halmstad, Sverige"
"Milano, Italia"
"National City, United States"
"Torino, Italia"
"Paris, France"
"Paris, France"
"Chelsea, United Kingdom"
"Dormans, France"
"Luton, United Kingdom"
"Sydenham, United Kingdom"
"Wedel, Deutschland"
"Pistoia, Italia"
"Saint Andrews, United Kingdom"
"Long Beach, United States"
"Sachsen, Deutschland"
"New Brunswick, United States"
"Kendal, United Kingdom"
"Calgary, Canada"
"Château-Renault, France"
"s Gravenhage, Nederland"
"Stuttgart, Deutschland"
"Rheinsberg, Deutschland"
"Braintree"
"Essex, United Kingdom"
"Leeds, United Kingdom"
"England, United Kingdom"
"Haag am Hausruck, Österreich"
"London, United Kingdom"
"London, United Kingdom"
"Pittsburgh, United States"
"Canada"
"Brighton, United Kingdom"
"Hartlepool, United Kingdom"
"Deutschland"
"Leipzig, Deutschland"
"London, United Kingdom"
"London, United Kingdom"
"Hampstead, United Kingdom"
"Durban, South Africa"
"Greater London, United Kingdom"
"South Africa"
"Chicago, United States"
"France"
"London, United Kingdom"
"Leeds, United Kingdom"
"Kensington, United Kingdom"
"Port Seton, United Kingdom"
"Paris, France"
"Swansea, United Kingdom"
"London, United Kingdom"
"Katowice, Polska"
"Hampshire, United Kingdom"
"Sankt-Peterburg, Rossiya"
"Sankt-Peterburg, Rossiya"
"London, United Kingdom"
"Sankt-Peterburg, Rossiya"
"Bosanski Petrovac, Bosna i Hercegovina"
"London, United Kingdom"
"Sankt-Peterburg, Rossiya"
"Slovenija"
"Krefeld, Deutschland"
"Hove, United Kingdom"
"Essex, United Kingdom"
"Cleveland, United States"
"Alberta, Canada"
"Torino, Italia"
"Egremont"
"Doncaster, United Kingdom"
"London, United Kingdom"
"Freiburg im Breisgau, Deutschland"
"Lot-et-Garonne, France"
"Fairford, United Kingdom"
"Falkirk, United Kingdom"
"Petersfield, United Kingdom"
"Rhode Island, United States"
"Dartford, United Kingdom"
"London, United Kingdom"
"Auteuil"
"Lincolnshire, United Kingdom"
"Karachi, Pakistan"
"Schlesien"
"London, United Kingdom"
"Reggio di Calabria, Italia"
"Pittsburgh, United States"
"s Gravenhage, Nederland"
"South Africa"
"Québec, Canada"
"South Africa"
"Birmingham, United Kingdom"
"London, United Kingdom"
"Figline Valdarno, Italia"
"Fontenay-aux-Roses, France"
"Providence, United States"
"Ceská Republika"
"Boston, United States"
"Portsmouth, United Kingdom"
"Madras, Bharat"
"Westport, New Zealand"
"Deventer, Nederland"
"France"
"Paris, France"
"Stockton-on-Tees, United Kingdom"
"Guyana"
"London, United Kingdom"
"Australia"
"Glasgow, United Kingdom"
"Surrey, United Kingdom"
"Delft, Nederland"
"România"
"Hamburg, Deutschland"
"Brugge, België"
"Argenteuil, France"
"Wimbledon, United Kingdom"
"Derby, United Kingdom"
"Nelson, Canada"
"Normandie, France"
"London, United Kingdom"
"Broughty Ferry, United Kingdom"
"Haslemere, United Kingdom"
"Kew, Australia"
"Saint-Gilles, België"
"Scholes, United Kingdom"
"Croydon, United Kingdom"
"Saint Louis, United States"
"Invergordon, United Kingdom"
"Nottingham, United Kingdom"
"Stoke on Trent, United Kingdom"
"Leeds, United Kingdom"
"Paris, France"
"Liverpool"
"Cheltenham, United Kingdom"
"Steiermark, Österreich"
"Leicester, United Kingdom"
"Paris, France"
"London, United Kingdom"
"Brighton, United Kingdom"
"Ashtabula, United States"
"Boulogne-Billancourt, France"
"Sheffield, United Kingdom"
"Wisconsin, United States"
"London, United Kingdom"
"London, United Kingdom"
"Città di Castello, Italia"
"United Kingdom"
"Greensboro, United States"
"België"
"Toronto, Canada"
"Dôle, France"
"Buntingford, United Kingdom"
"Los Angeles, United States"
"Basel, Schweiz"
"Québec, Canada"
"Philadelphia, United States"
"Lésvos, Ellás"
"Rio de Janeiro, Brasil"
"Glasgow, United Kingdom"
"Glasgow, United Kingdom"
"Oulton Broad, United Kingdom"
"Glasgow, United Kingdom"
"United States"
"Montréal, Canada"
"Tortosa, España"
"Coimbra, Portugal"
"London, United Kingdom"
"London, United Kingdom"
"Oxford, United Kingdom"
"London, United Kingdom"
"Glemsford, United Kingdom"
"Surrey, United Kingdom"
"Belfast, United Kingdom"
"Seine-Maritime, Département de la, France"
"Hereford, United Kingdom"
"Kenilworth, United Kingdom"
"Swaffham, United Kingdom"
"London, United Kingdom"
"Samer, France"
"Paimbœeuf, France"
"Paris, France"
"Marseille, France"
"Aix-en-Provence, France"
"Barnes, United Kingdom"
"Vitebsk, Belarus"
"Paris, France"
"Kent, United Kingdom"
"Worthing, United Kingdom"
"Rochester, United States"
"Simla, Bharat"
"Hastings, United Kingdom"
"Wolverhampton, United Kingdom"
"Montréal, Canada"
"Sheffield, United Kingdom"
"London, United Kingdom"
"Charlieu"
"Wien, Österreich"
"Sydenham, United Kingdom"
"London, United Kingdom"
"London, United Kingdom"
"Yorkshire, United Kingdom"
"Firenze, Italia"
"Milano, Italia"
"San Sebastián, España"
"Vólos, Ellás"
"Bharat"
"Gabrovo, Bulgaria"
"Athínai, Ellás"
"Blenheim Palace, United Kingdom"
"Venezia, Italia"
"Trbovlje, Slovenija"
"Portsmouth, United Kingdom"
"Oldham, United Kingdom"
"Derbyshire, United Kingdom"
"United Kingdom"
"Shipborne, United Kingdom"
"Bridgwater, United Kingdom"
"Barcelona, España"
"Napoli, Italia"
"Novara, Italia"
"Monroe, United States"
"London, United Kingdom"
"Melbourne, Australia"
"Birkenhead, United Kingdom"
"London, United Kingdom"
"London, United Kingdom"
"London, United Kingdom"
"Belford, United Kingdom"
"Oakland, United States"
"Parma, Italia"
"Plymouth, United Kingdom"
"Shillong, Bharat"
"Kilmarnock, United Kingdom"
"Paris, France"
"London, United Kingdom"
"Southport, United Kingdom"
"Mazara del Vallo, Italia"
"Amsterdam, Nederland"
"Birmingham, United Kingdom"
"Manitoba, Canada"
"New York, United States"
"Hampshire, United Kingdom"
"Gvardeysk, Rossiya"
"London, United Kingdom"
"Liège, België"
"Nyack, United States"
"Brooklyn, United States"
"Sète, France"
"Cuminestown, United Kingdom"
"Wickham, United Kingdom"
"Bristol, United Kingdom"
"Hanley, United Kingdom"
"Liverpool, United Kingdom"
"Kent, United Kingdom"
"Dublin, Éire"
"East Lothian, United Kingdom"
"Morpeth, United Kingdom"
"London, United Kingdom"
"London, United Kingdom"
"Monza, Italia"
"United Kingdom"
"Bulle, Schweiz"
"Indianapolis, United States"
"Caracas, Venezuela"
"Barcelona, España"
"Stretford, United Kingdom"
"London, United Kingdom"
"England, United Kingdom"
"United Kingdom"
"Gillingham, United Kingdom"
"Figueras, España"
"Paris, France"
"Bristol, United Kingdom"
"London, United Kingdom"
"München, Deutschland"
"Bombay, Bharat"
"Grangemouth, United Kingdom"
"Cheshire, United Kingdom"
"Washington, United States"
"Santa Monica, United States"
"London, United Kingdom"
"Adelaide, Australia"
"Paris, France"
"Bangor, United Kingdom"
"Liverpool, United Kingdom"
"Paris, France"
"Waterville, United States"
"Zuid-Holland, Nederland"
"Oakland, United States"
"Paris, France"
"Gradizhsk, Ukrayina"
"België"
"Berlin, Deutschland"
"Abinger, United Kingdom"
"Chatou, France"
"Montauban, France"
"Mont-de-Marsan, France"
"Bromley, United Kingdom"
"Weert, Nederland"
"Glasgow, United Kingdom"
"Portland, United States"
"Wigan, United Kingdom"
"Paris, France"
"Sarajevo, Bosna i Hercegovina"
"Cincinnati, United States"
"Huddersfield, United Kingdom"
"Solothurn, Schweiz"
"Gravesend, United Kingdom"
"Watford, United Kingdom"
"London, United Kingdom"
"Holyhead, United Kingdom"
"Murree, Pakistan"
"Utrecht, Nederland"
"Magyarország"
"Wednesbury, United Kingdom"
"Godalming, United Kingdom"
"Roma, Italia"
"Konstanz, Deutschland"
"België"
"Perugia, Italia"
"Maldon, United Kingdom"
"Roma, Italia"
"New York, United States"
"London, United Kingdom"
"England, United Kingdom"
"Piraiévs, Ellás"
"Berkshire, United Kingdom"
"Bognor Regis, United Kingdom"
"London, United Kingdom"
"Le Havre, France"
"Blainville-Crevon, France"
"Damville, France"
"Le Havre, France"
"Blackburn, United Kingdom"
"Bellflower, United States"
"Reading, United Kingdom"
"London, United Kingdom"
"Boussy-Saint-Antoine, France"
"Middlesex, United Kingdom"
"Millemont, France"
"Brighton, United Kingdom"
"Hampshire, United Kingdom"
"Strumica, Makedonija"
"West Sussex, United Kingdom"
"Wien, Österreich"
"Amsterdam, Nederland"
"Derbyshire, United Kingdom"
"Beverley, United Kingdom"
"Newcastle Emlyn, United Kingdom"
"London, United Kingdom"
"London, United Kingdom"
"Paris, France"
"Jerez de la Frontera, España"
"Oostende, België"
"New York, United States"
"Boulogne-Billancourt, France"
"Tartu, Eesti"
"Philadelphia, United States"
"Brühl, Deutschland"
"Sankt-Peterburg, Rossiya"
"Evanston, United States"
"Cher, France"
"Newcastle upon Tyne, United Kingdom"
"Iasi, România"
"Bradford, United Kingdom"
"Cheshire, United Kingdom"
"Cardiff, United Kingdom"
"London, United Kingdom"
"Gloucestershire, United Kingdom"
"Torino, Italia"
"Bridge of Allan, United Kingdom"
"Coos Bay, United States"
"Grenoble, France"
"Madrid, España"
"Paris, France"
"Grottammare, Italia"
"Banstead, United Kingdom"
"Bristol, United Kingdom"
"London, United Kingdom"
"Frankfurt an der Oder, Deutschland"
"Frankfurt an der Oder, Deutschland"
"Aspatria, United Kingdom"
"Scotland, United Kingdom"
"Jamaica"
"Polska"
"Nassau, Bahamas"
"Salem, United States"
"London, United Kingdom"
"Oldham, United Kingdom"
"Prestatyn, United Kingdom"
"Jamaica, United States"
"Rosario, Argentina"
"Reims, France"
"London, United Kingdom"
"Dumfries, United Kingdom"
"Kent, United Kingdom"
"London, United Kingdom"
"Bensheim, Deutschland"
"London, United Kingdom"
"London, United Kingdom"
"London, United Kingdom"
"San Mateo, United States"
"New York, United States"
"London, United Kingdom"
"London, United Kingdom"
"Grenoble, France"
"Bratislava, Slovenská Republika"
"Berlin, Deutschland"
"Leeds, United Kingdom"
"Eastbourne, United Kingdom"
"Le Havre, France"
"Suffolk, United Kingdom"
"Gross Enzersdorf, Österreich"
"Royal Leamington Spa, United Kingdom"
"London, United Kingdom"
"Theydon Bois, United Kingdom"
"London, United Kingdom"
"Wien, Österreich"
"Sheffield, United Kingdom"
"Pittsburgh, United States"
"London, United Kingdom"
"Staines, United Kingdom"
"Southampton, United Kingdom"
"Pune, Bharat"
"Klimovichi, Belarus"
"Hackney, United Kingdom"
"Blackburn, United Kingdom"
"Los Angeles, United States"
"Harrow, United Kingdom"
"Saint-Jean-de-Braye, France"
"Paris, France"
"Methil, United Kingdom"
"North Bay, Canada"
"London, United Kingdom"
"Chiniot, Pakistan"
"Manchester, United Kingdom"
"New York, United States"
"Gloucester, United Kingdom"
"Warwickshire, United Kingdom"
"Hartford, United Kingdom"
"Spitalfields, United Kingdom"
"Sligo, Éire"
"Athínai, Ellás"
"Borgonovo Val Tidone, Italia"
"London, United Kingdom"
"Alnwick, United Kingdom"
"Liverpool, United Kingdom"
"Victoria, Australia"
"Fife, United Kingdom"
"Paris, France"
"Kent, United Kingdom"
"Brighton, United Kingdom"
"Brighton, United Kingdom"
"Tupelo, United States"
"Haddington, United Kingdom"
"Somerset, United Kingdom"
"Leeds, United Kingdom"
"Surrey, United Kingdom"
"Cannes, France"
"Waterbury, United States"
"London, United Kingdom"
"Paris, France"
"Kent, United Kingdom"
"Paris, France"
"Zundert, Nederland"
"London, United Kingdom"
"Hastings, United Kingdom"
"Leipzig, Deutschland"
"Tula, Rossiya"
"Barcelona, España"
"Sankt-Peterburg, Rossiya"
"Epsom"
"Armenia"
"London, United Kingdom"
"London, United Kingdom"
"Kraków, Polska"
"New York, United States"
"Belfast, United Kingdom"
"Stoke Newington, United Kingdom"
"Genève, Schweiz"
"Deutschland"
"Urbana, United States"
"Maine, United States"
"London, United Kingdom"
"Scotland, United Kingdom"
"Cartagena, Colombia"
"London, United Kingdom"
"Fox, United States"
"London, United Kingdom"
"Chelsea, United Kingdom"
"Yorkshire, United Kingdom"
"Sheffield, United Kingdom"
"Catania, Italia"
"London, United Kingdom"
"Luton, United Kingdom"
"New York, United States"
"London, United Kingdom"
"Dolgellau, United Kingdom"
"London, United Kingdom"
"Buckinghamshire, United Kingdom"
"Cheshire, United Kingdom"
"Madrid, España"
"London, United Kingdom"
"Berlin, Deutschland"
"Stavanger, Norge"
"Valparaíso, Chile"
"London, United Kingdom"
"Paris, France"
"Wimbledon"
"Innsbruck, Österreich"
"Québec, Canada"
"Dvur Králové, Ceská Republika"
"Chichester, United Kingdom"
"Bagheria, Italia"
"Richmond, United Kingdom"
"Viet Nam"
"Kiel, Deutschland"
"London, United Kingdom"
"Leicester, United Kingdom"
"Bristol, United Kingdom"
"London, United Kingdom"
"Hadleigh, United Kingdom"
"Bharat"
"London, United Kingdom"
"København, Danmark"
"Oxford, United Kingdom"
"Wakefield, United Kingdom"
"Lancashire, United Kingdom"
"Bangalore, Bharat"
"Leipzig, Deutschland"
"Blackheath"
"Roma, Italia"
"Wien, Österreich"
"Warszawa, Polska"
"London, United Kingdom"
"London, United Kingdom"
"London, United Kingdom"
"London, United Kingdom"
"Myanmar"
"Petrinja, Hrvatska"
"Szczecin, Polska"
"Lollar, Deutschland"
"France"
"Vannes, France"
"Galati, România"
"Eastbourne, United Kingdom"
"London, United Kingdom"
"Ringmer, United Kingdom"
"Kent, United Kingdom"
"Cincinnati, United States"
"Surrey, United Kingdom"
"Wakefield, United Kingdom"
"Quiévy, France"
"Warszawa, Polska"
"Bromley, United Kingdom"
"Leeds, United Kingdom"
"Lancashire, United Kingdom"
"Hamburg, Deutschland"
"Sabang, Indonesia"
"Surrey, United Kingdom"
"London, United Kingdom"
"Southampton, United Kingdom"
"New York, United States"
"Lancaster, United Kingdom"
"Beijing, Zhonghua"
"Northwood, United Kingdom"
"Doncaster, United Kingdom"
"London, United Kingdom"
"London, United Kingdom"
"Bedford, United Kingdom"
"Purley, United Kingdom"
"London, United Kingdom"
"Dunedin, New Zealand"
"Linz, Österreich"
"Weissenberg, Deutschland"
"Kendal, United Kingdom"
"Manchester, United Kingdom"
"Glasgow, United Kingdom"
"London, United Kingdom"
"Preston, United Kingdom"
"Leeds, United Kingdom"
"London, United Kingdom"
"Gallipolis, United States"
"Dublin, Éire"
"Bacchus Marsh, Australia"
"Brighton, United Kingdom"
"Cheltenham, United Kingdom"
"Pontardawe, United Kingdom"
"Bromsgrove, United Kingdom"
"Shiraz, Îran"
"Amsterdam, Nederland"
"Bideford, United Kingdom"
"Caernarfon, United Kingdom"
"Sheffield, United Kingdom"
"Ridgefield, United States"
"Ann Arbor, United States"
"Manchester, United Kingdom"
"Birmingham, United Kingdom"
"London, United Kingdom"
"Chelsea, United Kingdom"
"Glasgow, United Kingdom"
"Rothesay, United Kingdom"
"London, United Kingdom"
"London, United Kingdom"
"London, United Kingdom"
"Magyarország"
"Bleckede, Deutschland"
"Bhagalpur, Bharat"
"Wien, Österreich"
"Llanelli, United Kingdom"
"Staffordshire, United Kingdom"
"Dun-sur-Meuse, France"
"London, United Kingdom"
"London, United Kingdom"
"Cornwall, United Kingdom"
"Sunderland, United Kingdom"
"London, United Kingdom"
"Montreal, Canada"
"Rotherham, United Kingdom"
"Huddersfield, United Kingdom"
"Sankt-Peterburg, Rossiya"
"England, United Kingdom"
"England, United Kingdom"
"Glasgow, United Kingdom"
"Pardubice, Ceská Republika"
"United States"
"Liverpool, United Kingdom"
"Wien, Österreich"
"Ljubljana, Slovenija"
"Kansas City, United States"
"Walberswick, United Kingdom"
"Škofja Loka, Slovenija"
"Tenby, United Kingdom"
"Haverfordwest, United Kingdom"
"Cardiff, United Kingdom"
"Augusta, United States"
"Llandudno, United Kingdom"
"Scottish Borders, United Kingdom"
"Southampton, United Kingdom"
"Croydon, United Kingdom"
"Kent, United Kingdom"
"Bradford, United Kingdom"
"Romford, United States"
"Wigan, United Kingdom"
"London, United Kingdom"
"Jylland, Danmark"
"Bermondsey"
"London, United Kingdom"
"Excelsior Springs, United States"
"Amsterdam, Nederland"
"Tel Aviv-Yafo, Yisra'el"
"Stuttgart, Deutschland"
"Moskva, Rossiya"
"Fall River, United States"
"Bombay, Bharat"
"Polska"
"Brooklyn, United States"
"Los Angeles, United States"
"Arad, România"
"Birr, Éire"
"London, United Kingdom"
"Newburgh, United States"
"Auckland, New Zealand"
"Saint Paul, United States"
"London, United Kingdom"
"Albert Lea, United States"
"Transilvania, România"
"Bournemouth, United Kingdom"
"Nottinghamshire, United Kingdom"
"Chelsea, United Kingdom"
"Liverpool, United Kingdom"
"Anstruther, United Kingdom"
"London, United Kingdom"
"London, United Kingdom"
"Lancashire, United Kingdom"
"Kettering, United Kingdom"
"Donaueschingen, Deutschland"
"Dagenham, United Kingdom"
"Rathdrum, Éire"
"Oundle, United Kingdom"
"Carthage, Tunis"
"Great Britain, United Kingdom"
"Wien, Österreich"
"Aschaffenburg, Deutschland"
"London, United Kingdom"
"Chagrin Falls, United States"
"Münchenbuchsee, Schweiz"
"Nice, France"
"Wilkes-Barre, United States"
"Österreich"
"Douglas"
"Nottingham, United Kingdom"
"Long Eaton, United Kingdom"
"London, United Kingdom"
"Exeter, United Kingdom"
"London, United Kingdom"
"Kokomo, United States"
"Pöchlarn, Österreich"
"Orlová, Ceská Republika"
"Milwaukee, United States"
"Rotterdam, Nederland"
"Berlin, Deutschland"
"Morava, Ceská Republika"
"London, United Kingdom"
"Toledo, United States"
"Piraiévs, Ellás"
"Lingen, Deutschland"
"Ukrayina"
"New York, United States"
"Korcula, Otok, Hrvatska"
"Newark, United States"
"L'viv, Ukrayina"
"Moskva, Rossiya"
"France"
"São Paulo, Brasil"
"Opocno, Ceská Republika"
"Pasedena, United States"
"Trzebiatów, Polska"
"London, United Kingdom"
"Coventry, United Kingdom"
"Newcastle upon Tyne, United Kingdom"
"Sagua la Grande, Cuba"
"Adelaide, Australia"
"Bharat"
"Paris, France"
"London, United Kingdom"
"England, United Kingdom"
"London, United Kingdom"
"Dunedin, New Zealand"
"Amsterdam, Nederland"
"Tulsa, United States"
"Saint Ives, United Kingdom"
"Tiraspol, Moldova"
"Budapest, Magyarország"
"Zimbabwe"
"Carrara, Italia"
"Paris, France"
"Paris, France"
"Hamburg, Deutschland"
"Brentford, United Kingdom"
"Leith, United Kingdom"
"Hong Kong, Zhonghua"
"London, United Kingdom"
"Dublin, Éire"
"Portsmouth, United Kingdom"
"Utrecht, Nederland"
"La Chaux-de-Fonds, Schweiz"
"Northampton, United Kingdom"
"Chelsea, United Kingdom"
"Manchester, United Kingdom"
"Melbourne, Australia"
"Argentan, France"
"Verona, Italia"
"Meiderich, Deutschland"
"Warszawa, Polska"
"Berlin, Deutschland"
"Mendoza, Argentina"
"Mauritius, Mauritius"
"London, United Kingdom"
"London, United Kingdom"
"London, United Kingdom"
"Nottingham, United Kingdom"
"Cape Town, South Africa"
"Carmarthen, United Kingdom"
"Amherst, Canada"
"Czestochowa, Polska"
"Hartford, United States"
"Rotterdam, Nederland"
"Bordeaux, France"
"Kiyev, Ukrayina"
"New York, United States"
"Berlin, Deutschland"
"Liverpool, United Kingdom"
"New York, United States"
"Singapore"
"Chung-hua Min-kuo"
"Hamburg, Deutschland"
"Sverige"
"Wolverhampton, United Kingdom"
"London, United Kingdom"
"Lietuva"
"Pochinok, Rossiya"
"Croydon, United Kingdom"
"England, United Kingdom"
"Witney, United Kingdom"
"Zürich, Schweiz"
"Leeds, United Kingdom"
"Bristol, United Kingdom"
"Brooklyn, United States"
"Baltimore Independent City, United States"
"Cape Town, South Africa"
"Dunedin, New Zealand"
"London, United Kingdom"
"London, United Kingdom"
"Stockport, United Kingdom"
"England, United Kingdom"
"Stockholm, Sverige"
"Maybole, United Kingdom"
"Siena, Italia"
"Wallasey, United Kingdom"
"Methil, United Kingdom"
"Stoke on Trent"
"Melbourne, Australia"
"Liverpool, United Kingdom"
"Kansas City, United States"
"Newcastle, United Kingdom"
"Glasgow, United Kingdom"
"Kensington, United Kingdom"
"Loanhead, United Kingdom"
"Hertfordshire, United Kingdom"
"Lessines, België"
"London, United Kingdom"
"Banyuls-sur-Mer, France"
"Bowral, Australia"
"Arad, România"
"Philadelphia, United States"
"Chelsea, United Kingdom"
"Kiyev, Ukrayina"
"Birmingham, United Kingdom"
"Philadelphia, United States"
"Roma, Italia"
"Kremenchug, Ukrayina"
"Saint-Ouen, France"
"Paris, France"
"North Tonawanda, United States"
"Glasgow, United Kingdom"
"London, United Kingdom"
"Soncino, Italia"
"Bergamo, Italia"
"Dublin, Éire"
"Ilirska Bistrica, Slovenija"
"Paris, France"
"Warszawa, Polska"
"Bronxville, United States"
"Roma, Italia"
"Rutherford, United States"
"Pistoia, Italia"
"London, United Kingdom"
"Canada"
"London, United Kingdom"
"Sheffield, United Kingdom"
"Folkestone, United Kingdom"
"London, United Kingdom"
"Birkenhead, United Kingdom"
"Birmingham, United Kingdom"
"Haute-Corse, France"
"Berlin, Deutschland"
"Hampstead, United Kingdom"
"Le Cateau-Cambrésis, France"
"Santiago, Chile"
"Nantes, France"
"Peckham, United Kingdom"
"Budapest, Magyarország"
"Zaandam, Nederland"
"England, United Kingdom"
"Leeds, United Kingdom"
"North Yorkshire, United Kingdom"
"Le Havre, France"
"New York, United States"
"Glasgow, United Kingdom"
"Wiltshire, United Kingdom"
"Freshford, Éire"
"Scotland, United Kingdom"
"Glasgow, United Kingdom"
"Glasgow, United Kingdom"
"Liverpool, United Kingdom"
"Aberdeen, United Kingdom"
"Down, United Kingdom"
"London, United Kingdom"
"Norwich, United Kingdom"
"London, United Kingdom"
"London, United Kingdom"
"Washington, United States"
"Berlin, Deutschland"
"Zhonghua"
"Wilkes-Barre, United States"
"Ukrayina"
"Milano, Italia"
"Bruxelles, België"
"Hrvatska"
"Corsham, United Kingdom"
"Nantes, France"
"Namur, België"
"Chelmsford, United Kingdom"
"Las Palmas de Gran Canaria, España"
"Wellington, New Zealand"
"Lagan, Sverige"
"Mattapoisett, United States"
"Birmingham, United Kingdom"
"Lancashire, United Kingdom"
"England, United Kingdom"
"London, United Kingdom"
"Montgomery, United States"
"Nihon"
"Paris, France"
"Bologna, Italia"
"Kiyev, Ukrayina"
"Cambridge, United Kingdom"
"Barcelona, España"
"Wealdstone, United Kingdom"
"Livorno, Italia"
"Magyarország"
"London, United Kingdom"
"Amersfoort, Nederland"
"Paris, France"
"London, United Kingdom"
"London, United Kingdom"
"Montréal, Canada"
"Cheshire, United Kingdom"
"Edinburgh, United Kingdom"
"Oxford, United Kingdom"
"Castleford, United Kingdom"
"Bologna, Italia"
"Cholet, France"
"Bourges, France"
"Leicester, United Kingdom"
"London, United Kingdom"
"Québec, Canada"
"Swansea, United Kingdom"
"East Sussex, United Kingdom"
"Kansas City, United States"
"Carlisle, United Kingdom"
"Surrey, United Kingdom"
"Wien, Österreich"
"Aberdeen, United States"
"Santa Cruz de la Palma, España"
"Sheffield, United Kingdom"
"Edinburgh, United Kingdom"
"Horsham, United Kingdom"
"Løten, Norge"
"Birkenhead, United Kingdom"
"Saint Albans, United Kingdom"
"Aberdeen, United Kingdom"
"Chicago, United States"
"Bjelovar, Hrvatska"
"Gorizia, Italia"
"Al-Iskandariyah, Misr"
"Esher, United Kingdom"
"London, United Kingdom"
"London, United Kingdom"
"Fort Wayne, United States"
"Bucuresti, România"
"Moskva, Rossiya"
"Lichfield, United Kingdom"
"Kiyev, Ukrayina"
"London, United Kingdom"
"London, United Kingdom"
"New York, United States"
"Hampstead, United Kingdom"
"Lancashire, United Kingdom"
"Denham, United Kingdom"
"Newark-on-Trent, United Kingdom"
"Oxford, United Kingdom"
"Charlottenburg, Deutschland"
"Wien, Österreich"
"Los Angeles, United States"
"Melbourne, Australia"
"Asheville, United States"
"Schleswig-Holstein, Deutschland"
"High Wycombe, United Kingdom"
"Stockholm, Sverige"
"Battle, United Kingdom"
"Malmö, Sverige"
"London, United Kingdom"
"Isle of Man"
"Tokyo, Nihon"
"Wendover, United Kingdom"
"London, United Kingdom"
"Electric City, United States"
"Lier, België"
"Leicester, United Kingdom"
"Dublin, Éire"
"London, United Kingdom"
"Rossiya"
"Pszczyna, Polska"
"Hampshire, United Kingdom"
"Saint Quentin, France"
"Wien, Österreich"
"Paduli, Italia"
"Portsmouth, United Kingdom"
"Portsmouth, United Kingdom"
"Genova, Italia"
"Edinburgh, United Kingdom"
"Preston, United Kingdom"
"Aylesbury, United Kingdom"
"Beresford, United States"
"Akron, United States"
"Surrey, United Kingdom"
"Dublin, Éire"
"Odessa, Ukrayina"
"Dundee, United Kingdom"
"London, United Kingdom"
"Pittsburgh, United States"
"Melbourne, Australia"
"London, United Kingdom"
"Santafé de Bogotá, D.C., Colombia"
"Dresden, Deutschland"
"Garessio, Italia"
"London, United Kingdom"
"Edinburgh, United Kingdom"
"Sri Lanka"
"Richmond, United States"
"Antwerpen, België"
"Plymouth, United Kingdom"
"Orel, Rossiya"
"Birmingham, United Kingdom"
"London, United Kingdom"
"London, United Kingdom"
"Paris, France"
"Málaga, España"
"Québec, Canada"
"London, United Kingdom"
"Kingston-Upon-Hull, United Kingdom"
"Bully-les-Mines, France"
"Epsom, United Kingdom"
"Campbeltown, United Kingdom"
"Charlotte Amalie"
"Paris, France"
"Wakefield, United Kingdom"
"Leek, United Kingdom"
"Fareham, United Kingdom"
"Luton, United Kingdom"
"Beckenham, United Kingdom"
"Moskva, Rossiya"
"Cody, United States"
"Morciano di Romagna, Italia"
"London, United Kingdom"
"Tokyo, Nihon"
"Sydney, Australia"
"Johannesburg, South Africa"
"London, United Kingdom"
"Beckenham, United Kingdom"
"Warszawa, Polska"
"Wales, United Kingdom"
"Buckinghamshire, United Kingdom"
"Glasgow, United Kingdom"
"Dublin, Éire"
"London, United Kingdom"
"Tynemouth, United Kingdom"
"Chelsea, United Kingdom"
"Edinburgh, United Kingdom"
"Poznan, Polska"
"Hampstead, United Kingdom"
"Repino, Rossiya"
"New York, United States"
"London, United Kingdom"
"Büren an der Aare, Schweiz"
"Baden, Österreich"
"Norfolk, United Kingdom"
"Port Arthur, United States"
"Bath, United Kingdom"
"Acton, United Kingdom"
"Golfe-Juan, France"
"Eymoutiers, France"
"Galashiels, United Kingdom"
"Hethersett, United Kingdom"
"Lisboa, Portugal"
"Edinburgh, United Kingdom"
"London, United Kingdom"
"New York, United States"
"Limoges, France"
"Chuguyev, Ukrayina"
"Stockholm, Sverige"
"Newmarket, United Kingdom"
"Detroit, United States"
"London, United Kingdom"
"Liverpool, United Kingdom"
"Wales, United Kingdom"
"Stoke on Trent, United Kingdom"
"Northampton, United Kingdom"
"Bouches-du-Rhône, France"
"Hobart, Australia"
"Dresden, Deutschland"
"Rijeka, Hrvatska"
"Genève, Schweiz"
"South Bend, United States"
"London, United Kingdom"
"Wattenscheid, Deutschland"
"Québec, Canada"
"Guanajuato, México"
"West Baton Rouge, United States"
"Granada, España"
"Bronx, United States"
"Scarborough, United Kingdom"
"United States"
"London, United Kingdom"
"Brentford, United Kingdom"
"Magyarország"
"Paris, France"
"London, United Kingdom"
"België"
"Bologna, Italia"
"Sonneberg, Deutschland"
"Bristol, United Kingdom"
"Grand Forks, United States"
"Hampstead, United Kingdom"
"Torino, Italia"
"Poznan, Polska"
"Hannover, Deutschland"
"Boston, United States"
"Buffalo, United States"
"London, United Kingdom"
"Bradford, United Kingdom"
"Daugavpils, Latvija"
"Paris, France"
"Laval, France"
"Melbourne, Australia"
"Scarborough, United Kingdom"
"Nantes, France"
"Bridgwater, United Kingdom"
"Omaha, United States"
"Birmingham, United Kingdom"
"Epping, United Kingdom"
"Bradford, United Kingdom"
"London, United Kingdom"
"Windsor, United Kingdom"
"Nashville-Davidson, United States"
"Hook, United Kingdom"
"Neuilly-sur-Seine, France"
"Dublin, Éire"
"Norman, United States"
"Birmingham, United Kingdom"
"Staten Island"
"Weymouth, United Kingdom"
"Newport, United States"
"London, United Kingdom"
"London, United Kingdom"
"London, United Kingdom"
"Huesca, España"
"London, United Kingdom"
"Berlin, Deutschland"
"Chemnitz, Deutschland"
"New York, United States"
"Delft, Nederland"
"Haute-Garonne, France"
"Hagen, Deutschland"
"Manchester, United Kingdom"
"Hannover, Deutschland"
"Surrey, United Kingdom"
"Greenock, United Kingdom"
"Dublin, Éire"
"Essex, United Kingdom"
"London, United Kingdom"
"Ljubljana, Slovenija"
"Iasi, România"
"Norwich, United Kingdom"
"San Francisco, United States"
"Paris, France"
"London, United Kingdom"
"Paris, France"
"Cortona, Italia"
"Bradford, United Kingdom"
"Shoeburyness, United Kingdom"
"Lietuva"
"Lincolnshire, United Kingdom"
"Auburn, United States"
"Brooklyn, United States"
"New York, United States"
"New Britain, United States"
"London, United Kingdom"
"Glen Ridge, United States"
"Bradford, United Kingdom"
"München, Deutschland"
"München, Deutschland"
"Galata, Türkiye"
"Strasbourg, France"
"Islington, United Kingdom"
"Warneton, België"
"Schlesien"
"Sassari, Italia"
"Paris, France"
"Greater London, United Kingdom"
"Stockholm, Sverige"
"Polska"
"Cheetham Hill, United Kingdom"
"Decatur, United States"
"Hove, United Kingdom"
"Sturgis, United States"
"Sheffield, United Kingdom"
"Draper, United States"
"Halifax, United Kingdom"
"Letchworth, United Kingdom"
"Guadalajara, España"
"London, United Kingdom"
"Sankt-Peterburg, Rossiya"
"Budapest, Magyarország"
"London, United Kingdom"
"Redcar and Cleveland, United Kingdom"
"Ciudad Bolívar, Venezuela"
"Wien, Österreich"
"Rodez, France"
"Coventry, United Kingdom"
"Nottingham, United Kingdom"
"Minskaya Oblast', Belarus"
"Goa, Bharat"
"Saugus, United States"
"London, United Kingdom"
"Rochester, United Kingdom"
"Cookham, United Kingdom"
"England, United Kingdom"
"London, United Kingdom"
"Galati, România"
"Philadelphia, United States"
"London, United Kingdom"
"Sankt-Peterburg, Rossiya"
"Konstanz, Deutschland"
"New York, United States"
"Lódz, Polska"
"Fulham, United Kingdom"
"Warszawa, Polska"
"Wallasey, United Kingdom"
"Cardiff, United Kingdom"
"Birkenhead, United Kingdom"
"New York, United States"
"Lausanne, Schweiz"
"Newark, United States"
"Malden, United States"
"Meadowfield, United States"
"Bishop Auckland, United Kingdom"
"Liepaja, Latvija"
"Bradford, United Kingdom"
"Chester, United Kingdom"
"Worcester, United Kingdom"
"Grandin, United States"
"London, United Kingdom"
"London, United Kingdom"
"Ealing, United Kingdom"
"Gostynin, Polska"
"Leicestershire, United Kingdom"
"London, United Kingdom"
"Kingston, United States"
"Duga Resa, Hrvatska"
"London, United Kingdom"
"Poole, United Kingdom"
"Los Angeles, United States"
"Esher, United Kingdom"
"Bromley, United Kingdom"
"Athínai, Ellás"
"Oxfordshire, United Kingdom"
"Oaxaca, México"
"British Columbia, Canada"
"Paris, France"
"Galesburg, United States"
"Barcelona, España"
"Oxford, United Kingdom"
"Leeds, United Kingdom"
"Kaluga, Rossiya"
"Tokyo, Nihon"
"Gerona, España"
"Mesa, United States"
"Sorrento, Italia"
"Luzern, Schweiz"
"Bangalore, Bharat"
"Scotland, United Kingdom"
"Delhi, Bharat"
"London, United Kingdom"
"Milwaukee, United States"
"Reading, United Kingdom"
"Middlesbrough, United Kingdom"
"London, United Kingdom"
"Huddersfield, United Kingdom"
"Shanghai, Zhonghua"
"Fribourg, Schweiz"
"München, Deutschland"
"Nantes, France"
"Centerville, United States"
"Newlyn, United Kingdom"
"Birmingham, United Kingdom"
"United States"
"London, United Kingdom"
"Solihull, United Kingdom"
"Warszawa, Polska"
"Cuenca, España"
"Albi, France"
"Québec, Canada"
"Toronto, Canada"
"London, United Kingdom"
"United Kingdom"
"Cornwall, United Kingdom"
"Dorking, United Kingdom"
"Schwerte, Deutschland"
"London, United Kingdom"
"Italia"
"Saint Louis, United States"
"London, United Kingdom"
"Xiamen, Zhonghua"
"Rossiya"
"Al-Qahirah, Misr"
"Sandy, United Kingdom"
"Dundee, United Kingdom"
"London, United Kingdom"
"London, United Kingdom"
"Glasgow, United Kingdom"
"Lexington, United States"
"Nazeing, United Kingdom"
"Wallasey, United Kingdom"
"Sheffield, United Kingdom"
"Mecklenburg, Deutschland"
"London, United Kingdom"
"Dresden, Deutschland"
"Koszeg, Magyarország"
"London, United Kingdom"
"Stalbridge, United Kingdom"
"United Kingdom"
"Paris, France"
"Milano, Italia"
"Lausanne, Schweiz"
"Brno, Ceská Republika"
"Antwerpen, België"
"Pécs, Magyarország"
"East Sussex, United Kingdom"
"Swindon, United Kingdom"
"Beograd, Jugoslavija"
"Paris, France"
"Österreich"
"Bristol, United Kingdom"
"Lisboa, Portugal"
"Sabadell, España"
"France"
"Papendrecht, Nederland"
"Paris, France"
"Lyon, France"
"Osnabrück, Deutschland"
"Cuiseaux, France"
"Cleckheaton, United Kingdom"
"London, United Kingdom"
"Edinburgh, United Kingdom"
"Birmingham, United Kingdom"
"London, United Kingdom"
"Renfrew, United Kingdom"
"London, United Kingdom"
"Pittsburgh, United States"
"United Kingdom"
"Scarborough, United Kingdom"
"London, United Kingdom"
"Aberdeen, United Kingdom"
"Christchurch, New Zealand"
"United Kingdom"
"London, United Kingdom"
"Gloucester, United Kingdom"
"London, United Kingdom"
"Comines, France"
"Samoa"
"Deutschland"
"Cincinnati, United States"
"Kingston-Upon-Hull, United Kingdom"
"London, United Kingdom"
"Abergavenny, United Kingdom"
"Codsall, United Kingdom"
"London, United Kingdom"
"Eltham, United Kingdom"
"Isleworth, United Kingdom"
"Sydney, Australia"
"Bath, United Kingdom"
"London, United Kingdom"
"London, United Kingdom"
"Blackburn, United Kingdom"
"London, United Kingdom"
"Llangefni, United Kingdom"
"Liverpool, United Kingdom"
"Al-Iskandariyah, Misr"
"Glasgow, United Kingdom"
"Chicago, United States"
"Braunschweig, Deutschland"
"Brooklyn, United States"
"Essex, United Kingdom"
"Saint Albans, United Kingdom"
"Glasgow, United Kingdom"
"Johannesburg, South Africa"
"Johannesburg, South Africa"
"Chicago, United States"
"Warszawa, Polska"
"Berlin, Deutschland"
"London, United Kingdom"
"Knowsley, United Kingdom"
"Keswick, United Kingdom"
"Great Britain, United Kingdom"
"Henley-on-Thames, United Kingdom"
"Wien, Österreich"
"York, United Kingdom"
"Eberswalde, Deutschland"
"Bruxelles, België"
"London, United Kingdom"
"London, United Kingdom"
"Staffordshire, United Kingdom"
"Down, United Kingdom"
"Saint Albans, United Kingdom"
"Vancouver, Canada"
"Moskva, Rossiya"
"Paris, France"
"Nizhniy Novgorod, Rossiya"
"Smolensk, Rossiya"
"Beijing, Zhonghua"
"Des Moines, United States"
"España"
"Polska"
"Worcester, United States"
"Leicester, United Kingdom"
"Roscommon, Éire"
"London, United Kingdom"
"Leicester, United Kingdom"
"London, United Kingdom"
"Edinburgh, United Kingdom"
"Deutschland"
"Liège, België"
"Gomel, Belarus"
"Pontefract, United Kingdom"
"Moskva, Rossiya"
"Aachen, Deutschland"
"London, United Kingdom"
"Shrewsbury, United Kingdom"
"Shanghai, Zhonghua"
"Chicago, United States"
"Protivín, Ceská Republika"
"Köln, Deutschland"
"Budapest, Magyarország"
"Gujarat, Bharat"
"Niederschlesien"
"Nottinghamshire, United Kingdom"
"Italia"
"Köln, Deutschland"
"Éire"
"Shrewsbury, United Kingdom"
"Vancouver, Canada"
"London, United Kingdom"
"Preston, United Kingdom"
"Plymouth, United Kingdom"
"Santa Monica, United States"
"Stamford, United Kingdom"
"Morpeth, United Kingdom"
"United Kingdom"
"Hadleigh, United Kingdom"
"Niagara Falls, United States"
"United States"
"Romford, United States"
"Saint Louis, United States"
"København, Danmark"
"Glasgow, United Kingdom"
"Chatou, France"
"Buffalo, United States"
"Birmingham, United Kingdom"
"Bordeaux, France"
"Newcastle, United Kingdom"
"Nantes, France"
"Pampa, United States"
"Croydon, United Kingdom"
"Roma, Italia"
"London, United Kingdom"
"Venezia, Italia"
"Düsseldorf, Deutschland"
"Schwaben, Deutschland"
"Rostock, Deutschland"
"London, United Kingdom"
"Cork, Éire"
"Düsseldorf, Deutschland"
"Éire"
"Sidcup, United Kingdom"
"Michelstadt, Deutschland"
"London, United Kingdom"
"West Virginia, United States"
"Scotland, United Kingdom"
"London, United Kingdom"
"London, United Kingdom"
"Minneapolis, United States"
"Hannover, Deutschland"
"Pila, Polska"
"Colombo, Sri Lanka"
"Old Lyme, United States"
"Noremburg, Deutschland"
"Edinburgh, United Kingdom"
"London, United Kingdom"
"Hamburg, Deutschland"
"Victoria, Zhonghua"
"Chatham, United Kingdom"
"London, United Kingdom"
"Somerset, United Kingdom"
"Stockholm, Sverige"
"Montserrat"
"Colchester, United Kingdom"
"Launceston, United Kingdom"
"Barbados"
"Kingston, Jamaica"
"Tokyo, Nihon"
"Billingshurst, United Kingdom"
"Paris, France"
"Paris, France"
"Barrow, United Kingdom"
"Melbourne, Australia"
"Bristol, United Kingdom"
"Wallingford, United States"
"Newtownards, United Kingdom"
"Chicago, United States"
"London, United Kingdom"
"Georgetown, Guyana"
"Devon, United Kingdom"
"Leipzig, Deutschland"
"Cambridge, United Kingdom"
"London, United Kingdom"
"Saint Ives, United Kingdom"
"Essex, United Kingdom"
"Kent, United Kingdom"
"Tokyo, Nihon"
"Bordeaux, France"
"New York, United States"
"Hereford and Worcester, United Kingdom"
"Withernsea, United Kingdom"
"Madrid, España"
"Stafford, United Kingdom"
"Treviso, Italia"
"Geldern, Deutschland"
"Madrid, España"
"Liverpool, United Kingdom"
"Sussex, United Kingdom"
"Bury, United Kingdom"
"Belfast, United Kingdom"
"London, United Kingdom"
"Leipzig, Deutschland"
"Kent, United Kingdom"
"Paris, France"
"Cento, Italia"
"London, United Kingdom"
"London, United Kingdom"
"Zanzibar, Tanzania"
"Cork, Éire"
"Cheshire, United Kingdom"
"Vancouver, Canada"
"Warszawa, Polska"
"Edinburgh, United Kingdom"
"San Francisco, United States"
"London, United Kingdom"
"Karachi, Pakistan"
"Bayrut, Al-Lubnan"
"New York, United States"
"Limavady, United Kingdom"
"York, United States"
"Bradford, United Kingdom"
"Köln, Deutschland"
"Oldenburg, Deutschland"
"Dublin, Éire"
"Santa Monica, United States"
"Warszawa, Polska"
"Chigwell, United Kingdom"
"Edinburgh, United Kingdom"
"Oakland, United States"
"Philadelphia, United States"
"New Castle, United States"
"Bruxelles, België"
"Liverpool, United Kingdom"
"London, United Kingdom"
"London, United Kingdom"
"Saint-Mandé, France"
"Goiás, Brasil"
"London, United Kingdom"
"Bath, United Kingdom"
"Magyarország"
"Gent, België"
"Sausalito, United States"
"London, United Kingdom"
"Leatherhead, United Kingdom"
"Harlow, United Kingdom"
"Cleveland, United States"
"Kastoría, Ellás"
"Düsseldorf, Deutschland"
"New York, United States"
"Kent, United Kingdom"
"Coshocton, United States"
"Yorkshire, United Kingdom"
"Bombay, Bharat"
"Cape Town, South Africa"
"Redhill, United Kingdom"
"London, United Kingdom"
"Oakland, United States"
"Kirkcaldy, United Kingdom"
"London, United Kingdom"
"Birmingham, United Kingdom"
"Suffolk, United Kingdom"
"Glossop, United Kingdom"
"London, United Kingdom"
"Edinburgh, United Kingdom"
"London, United Kingdom"
"England, United Kingdom"
"Whitehaven, United Kingdom"
"London, United Kingdom"
"London, United Kingdom"
"London, United Kingdom"
"Bristol, United Kingdom"
"Edinburgh, United Kingdom"
"London, United Kingdom"
"London, United Kingdom"
"Presteigne, United Kingdom"
"Bristol, United Kingdom"
"Maidstone, United Kingdom"
"London, United Kingdom"
"Stockholm"
"Lambeth, United Kingdom"
"Rouen, France"
"England, United Kingdom"
"Durham, United Kingdom"
"Bristol"
"London, United Kingdom"
"Newcastle upon Tyne, United Kingdom"
"London, United Kingdom"
"Dumfries, United Kingdom"
"London, United Kingdom"
"Hertfordshire"
"Canterbury, United Kingdom"
"Dublin, Éire"
"Hackney, United Kingdom"
"Sedbergh, United Kingdom"
"Edinburgh, United Kingdom"
"Edinburgh, United Kingdom"
"Peterborough, United Kingdom"
"Maidstone, United Kingdom"
"London, United Kingdom"
"Alloa, United Kingdom"
"London, United Kingdom"
"Firenze, Italia"
"Down, United Kingdom"
"Cork, Éire"
"Firenze, Italia"
"London, United Kingdom"
"Norwich, United Kingdom"
"Worcester, United Kingdom"
"Lincolnshire, United Kingdom"
"Paris, France"
"York, United Kingdom"
"Prenzlau, Deutschland"
"London, United Kingdom"
"London, United Kingdom"
"Surrey, United Kingdom"
"Midlothian, United Kingdom"
"England, United Kingdom"
"Durham, United Kingdom"
"London, United Kingdom"
"London, United Kingdom"
"England, United Kingdom"
"Manchester, United Kingdom"
"Newcastle upon Tyne, United Kingdom"
"Sundridge, United Kingdom"
"Norwich, United Kingdom"
"Dublin, Éire"
"Edinburgh, United Kingdom"
"Wednesbury, United Kingdom"
"London, United Kingdom"
"Newcastle upon Tyne, United Kingdom"
"Calais, France"
"Haarlem, Nederland"
"Derby, United Kingdom"
"London, United Kingdom"
"Roma, Italia"
"Carlisle, United Kingdom"
"Chelsea, United Kingdom"
"London, United Kingdom"
"England, United Kingdom"
"London, United Kingdom"
"Great Britain, United Kingdom"
"Norfolk, United Kingdom"
"Nottingham, United Kingdom"
"Tel Aviv-Yafo, Yisra'el"
"London, United Kingdom"
"Kent, United Kingdom"
"Aylesbury, United Kingdom"
"London, United Kingdom"
"London, United Kingdom"
"Surrey, United Kingdom"
"London, United Kingdom"
"London, United Kingdom"
"Edinburgh, United Kingdom"
"Zell am Harmersbach, Deutschland"
"London, United Kingdom"
"Barnard Castle, United Kingdom"
"Tel Aviv-Yafo, Yisra'el"
"Sheffield, United Kingdom"
"London, United Kingdom"
"België"
"Cheltenham, United Kingdom"
"England, United Kingdom"
"Glasgow, United Kingdom"
"Saal, Deutschland"
"London"
"Yverdon, Schweiz"
"Roma, Italia"
"Amsterdam, Nederland"
"Chelmsford, United Kingdom"
"Yorkshire, United Kingdom"
"Kyongsang-namdo, Taehan Min'guk"
"München, Deutschland"
"London, United Kingdom"
"London, United Kingdom"
"Newcastle upon Tyne, United Kingdom"
"Altrincham, United Kingdom"
"Altona, Deutschland"
"Birmingham, United Kingdom"
"Washington, United States"
"Harrow on the Hill, United Kingdom"
"Kraków, Polska"
"Leatherhead, United Kingdom"
"Deutschland"
"Siegen, Deutschland"
"Hereford, United Kingdom"
"Derbyshire, United Kingdom"
"Wigan, United Kingdom"
"Glasgow, United Kingdom"
"Belfast, United Kingdom"
"Penzance, United Kingdom"
"Leeds, United Kingdom"
"Llanelli, United Kingdom"
"Paris, France"
"Wales, United Kingdom"
"Palmer, United States"
"Sittard, Nederland"
"Edinburgh, United Kingdom"
"Manchester, United Kingdom"
"Brisbane, Australia"
"Berck, France"
"London, United Kingdom"
"Melbourne, Australia"
"Stockton, United States"
"Canterbury, United Kingdom"
"Fukuoka, Nihon"
"Solothurn, Schweiz"
"Berlin, Deutschland"
"Antwerpen, België"
"Johannesburg, South Africa"
"London, United Kingdom"
"London, United Kingdom"
"Belfast, United Kingdom"
"Surrey, United Kingdom"
"México"
"England, United Kingdom"
"London, United Kingdom"
"Paris, France"
"Amsterdam, Nederland"
"Boulder, United States"
"Bogotá, Colombia"
"Iowa, United States"
"Surrey, United Kingdom"
"London, United Kingdom"
"Edinburgh, United Kingdom"
"Wien, Österreich"
"London, United Kingdom"
"Darvel, United Kingdom"
"London, United Kingdom"
"Odessa, Ukrayina"
"Aberdare, United Kingdom"
"Lincolnshire, United Kingdom"
"Würzburg, Deutschland"
"Great Yarmouth, United Kingdom"
"Ciudad de México, México"
"Highland Park, United States"
"Chanteloup, France"
"New York, United States"
"Riga, Latvija"
"Derrybrien, Éire"
"Cardiff, United Kingdom"
"Minneapolis, United States"
"United Kingdom"
"London, United Kingdom"
"Glasgow, United Kingdom"
"London, United Kingdom"
"France"
"Reykjavík, Ísland"
"Amersham, United Kingdom"
"Remscheid, Deutschland"
"Quimper, France"
"Birmingham, United Kingdom"
"Epsom, United Kingdom"
"Chicago, United States"
"Tokyo, Nihon"
"Hazleton, United States"
"Tucson, United States"
"Flint, United Kingdom"
"Springfield, United States"
"Zürich, Schweiz"
"New York, United States"
"Wakefield, United Kingdom"
"Karachi, Pakistan"
"Chorley, United Kingdom"
"Goole, United Kingdom"
"Halifax, United Kingdom"
"Salt Lake City, United States"
"Northumberland, United Kingdom"
"Stuttgart, Deutschland"
"Eastbourne, United Kingdom"
"Warszawa, Polska"
"Paris, France"
"Purton, United Kingdom"
"London, United Kingdom"
"London, United Kingdom"
"United Kingdom"
"Teverya, Yisra'el"
"Tel Aviv, Mehoz, Yisra'el"
"Tel Aviv-Yafo, Yisra'el"
"Rehovot, Yisra'el"
"Yisra'el"
"Dublin, Éire"
"Sharon, United States"
"Stuttgart, Deutschland"
"New Bedford, United States"
"Johannesburg, South Africa"
"Rio de Janeiro, Brasil"
"Newcastle upon Tyne, United Kingdom"
"Preston, United Kingdom"
"Pennsylvania, United States"
"London, United Kingdom"
"Vancouver, Canada"
"Hyderabad, Bharat"
"Montgomery, United States"
"Fairfield, United States"
"Birmingham, United Kingdom"
"Wellington, New Zealand"
"London, United Kingdom"
"Chester, United Kingdom"
"Chicago, United States"
"Hämeenlinna, Suomi"
"Kent, United Kingdom"
"New York, United States"
"London, United Kingdom"
"Welwyn Garden City, United Kingdom"
"Fortaleza, Brasil"
"Holyhead, United Kingdom"
"Deutschland"
"Firenze, Italia"
"London, United Kingdom"
"Loughborough, United Kingdom"
"Newcastle upon Tyne, United Kingdom"
"São Paulo, Brasil"
"Kimberley, South Africa"
"Antwerpen, België"
"Boston, United States"
"Tokyo, Nihon"
"London, United Kingdom"
"Passaic, United States"
"Melbourne, Australia"
"Bristol, United Kingdom"
"Sandusky, United States"
"Tel Aviv, Mehoz, Yisra'el"
"Chelmsford, United Kingdom"
"Paisley, United Kingdom"
"Glasgow, United Kingdom"
"Dublin, Éire"
"Dorset, United Kingdom"
"San Francisco, United States"
"Northampton, United Kingdom"
"Wolverhampton, United Kingdom"
"Osaka, Nihon"
"São Paulo, Brasil"
"Cape Town, South Africa"
"London, United Kingdom"
"Addlestone, United Kingdom"
"Wien, Österreich"
"Liberty, United States"
"Accrington, United Kingdom"
"Córdoba, España"
"Dundee, United Kingdom"
"Ulverston, United Kingdom"
"Malta, Malta"
"Paris, France"
"Eberswalde, Deutschland"
"Panama Canal, Panamá"
"Québec, Canada"
"Istanbul, Türkiye"
"København, Danmark"
"Suffolk, United Kingdom"
"Glasgow, United Kingdom"
"Coventry, United Kingdom"
"New York, United States"
"Zürich, Schweiz"
"Buenos Aires, Argentina"
"Aberdeen, United States"
"Herdorf, Deutschland"
"New York, United States"
"Newport Beach, United States"
"Fox Chase, United States"
"Paisley, United Kingdom"
"Qazvin, Îran"
"Paris, France"
"Schweiz"
"Kingston-upon-Thames, United Kingdom"
"Runcorn, United Kingdom"
"Mbarara, Uganda"
"New York, United States"
"Plainfield, United States"
"Goiana, Brasil"
"London, United Kingdom"
"Kharkov, Ukrayina"
"Caracas, Venezuela"
"Los Angeles, United States"
"Norwood, United States"
"Bielefeld, Deutschland"
"La Plata, Argentina"
"Springfield, United States"
"Luton, United Kingdom"
"Edinburgh, United Kingdom"
"Somerset, United Kingdom"
"Lübeck, Deutschland"
"São Paulo, Brasil"
"Comodoro Rivadavia, Argentina"
"México"
"London, United Kingdom"
"Burnley, United Kingdom"
"Bruxelles, België"
"Bern, Schweiz"
"Philadelphia, United States"
"Washington, United States"
"United Kingdom"
"Hamburg, United States"
"Esch-sur-Alzette, Luxembourg"
"Boston, United States"
"Shanghai, Zhonghua"
"Berkeley, United States"
"Brooklyn, United States"
"Hammond, United States"
"Long Island, United States"
"Österreich"
"New York, United States"
"Chicago, United States"
"Ålesund, Norge"
"New York, United States"
"London, United Kingdom"
"Tiranë, Shqipëria"
"Shizuoka, Nihon"
"Batman, Türkiye"
"Rio de Janeiro, Brasil"
"Flushing, United States"
"London, United Kingdom"
"Herington, United States"
"Fargo, United States"
"Minneapolis, United States"
"Dortmund, Deutschland"
"Asheville, United States"
"Brooklyn, United States"
"Onomichi, Nihon"
"Lublin, Polska"
"Elizabeth, United States"
"Santiago, Chile"
"Manchester, United Kingdom"
"Paulton, United Kingdom"
"San Rafael, United States"
"Moskva, Rossiya"
"Winnipeg, Canada"
"Berlin, Deutschland"
"La Habana, Cuba"
"London, United Kingdom"
"Madrid, España"
"Göttingen, Deutschland"
"‘Afula, Yisra'el"
"Toulouse, France"
"London, United Kingdom"
"Wolverhampton, United Kingdom"
"Epsom, United Kingdom"
"La Habana, Cuba"
"New York, United States"
"London, United Kingdom"
"Los Angeles, United States"
"Noremburg, Deutschland"
"Manila, Pilipinas"
"Birmingham, United Kingdom"
"Pasedena, United States"
"Rochdale, United Kingdom"
"Cheshire, United Kingdom"
"København, Danmark"
"New Plymouth, New Zealand"
"Louisiana, United States"
"Shanghai, Zhonghua"
"Jena, Deutschland"
"Buenos Aires, Argentina"
"Spokane, United States"
"Croydon, United Kingdom"
"Dresden, Deutschland"
"Eindhoven, Nederland"
"Beijing, Zhonghua"
"Pakanbaru, Indonesia"
"Northumberland, United Kingdom"
"Zhonghua"
"London, United Kingdom"
"Zagreb, Hrvatska"
"Cartagena, Colombia"
"Brasil"
"Ciudad de México, México"
"Tarnów, Polska"
"Emsdetten, Deutschland"
"Lancashire, United Kingdom"
"Warszawa, Polska"
"Zilina, Slovenská Republika"
"Görlitz, Deutschland"
"Hamilton, United Kingdom"
"Dundee, United Kingdom"
"København, Danmark"
"Esbjerg, Danmark"
"Tokyo, Nihon"
"Nairobi, Kenya"
"Torino, Italia"
"Belo Horizonte, Brasil"
"New York, United States"
"Rio de Janeiro, Brasil"
"Salzburg, Österreich"
"Šid, Jugoslavija"
"Bronx, United States"
"Kirkuk, Al-‘Iraq"
"Abbotsford, Canada"
"Oostende, België"
"Rahway, United States"
"Liverpool, United Kingdom"
"Príbram, Ceská Republika"
"Matsumoto, Nihon"
"Hazleton, United States"
"San Francisco, United States"
"Quanzhou, Zhonghua"
"Edinburgh, United Kingdom"
"Beijing, Zhonghua"
"Krefeld, Deutschland"
"Leicester, United Kingdom"
"Lusaka, Zambia"
"London, United Kingdom"
"Ancona, Italia"
"Junín, Argentina"
"Belo Horizonte, Brasil"
"Santiago, Chile"
"Antwerpen, België"
"Los Angeles, United States"
"Liberec, Ceská Republika"
"Glasgow, United Kingdom"
"Ohio, United States"
"Biella, Italia"
"San Sebastián, España"
"Buenos Aires, Argentina"
"Eureka, United States"
"Nederland"
"Brasil"
"Buenos Aires, Argentina"
"Lietuva"
"Mizonokuchi, Nihon"
"Wimbledon, United Kingdom"
"Margate, United Kingdom"
"Grand Saline, United States"
"Cornwall, United Kingdom"
"United Kingdom"
"Santander, España"
"Cheshire, United Kingdom"
"Lima, Perú"
"Ontario, Canada"
"Glasgow, United Kingdom"
"Glasgow, United Kingdom"
"Oshkosh, United States"
"Hoboken, United States"
"Lima, Perú"
"Colombia"
"La Habana, Cuba"
"Chester, United Kingdom"
"Oran, Al-Jaza'ir"
"Colombia"
"London, United Kingdom"
"Los Angeles, United States"
"Polska"
"Cheltenham, United Kingdom"
"Huddersfield, United Kingdom"
"Montana, United States"
"Kiel, Deutschland"
"Providence, United States"
"Canada"
"Hildesheim, Deutschland"
"Karlsruhe, Deutschland"
"France"
"Boston, United States"
"Stuttgart, Deutschland"
"Bari, Italia"
"Poole, United Kingdom"
"Zürich, Schweiz"
"Bangor, United Kingdom"
"Lietuva"
"Roeselare, België"
"London, United Kingdom"
"London, United Kingdom"
"Calcutta, Bharat"
"London, United Kingdom"
"Königsberg in Bayern, Deutschland"
"London, United Kingdom"
"Barcelona, España"
"Îran"
"Seattle, United States"
"Red Bank, United States"
"Heppenheim an der Bergstrasse, Deutschland"
"Lutsk, Ukrayina"
"London, United Kingdom"
"Polska"
"Brooklyn, United States"
"Bangladesh"
"Polska"
"Kapuvár, Magyarország"
"London, United Kingdom"
"France"
"Los Angeles, United States"
"Plymouth, United Kingdom"
"México"
"Brasil"
"London, United Kingdom"
"Wimbledon, United Kingdom"
"Yerushalayim, Yisra'el"
"Bucuresti, România"
"Macclesfield, United Kingdom"
"Buenos Aires, Argentina"
"Barquisimeto, Venezuela"
"Shanghai, Zhonghua"
"Guangzhou, Zhonghua"
"L`viv, Ukrayina"
"Pieštany, Slovenská Republika"
"Strasbourg, France"
"Monclova, México"
"Bronx, United States"
"Bad Oldesloe, Deutschland"
"Caracas, Venezuela"
"Denver, United States"
"Radeberg, Deutschland"
"London, United Kingdom"
"Taehan Min'guk"
"Apolda, Deutschland"
"Nantes, France"
"El Manteco, Venezuela"
"Buenos Aires, Argentina"
"Göttingen, Deutschland"
"Praha, Ceská Republika"
"Hampshire, United Kingdom"
"Manchester, United Kingdom"
"Southend-on-Sea, United Kingdom"
"Dublin, Éire"
"Al-Qahirah, Misr"
"Iwate, Nihon"
"Oban, United Kingdom"
"Danmark"
"Johannesburg, South Africa"
"Liverpool, United Kingdom"
"Newcastle upon Tyne, United Kingdom"
"London, United Kingdom"
"Novi Sad, Jugoslavija"
"Catanzaro, Italia"
"Belfast, United Kingdom"
"Lisboa, Portugal"
"Santo Antônio de Jesus, Brasil"
"La Habana, Cuba"
"Warszawa, Polska"
"Wien, Österreich"
"Brasov, România"
"Moskva, Rossiya"
"Birmingham, United Kingdom"
"New York, United States"
"Perú"
"Kumba, Cameroun"
"Courbevoie, France"
"Meppen, Deutschland"
"Ciudad de México, México"
"Berlin, Deutschland"
"New York, United States"
"Dublin, Éire"
"New York, United States"
"Managua, Nicaragua"
"Lima, Perú"
"Santafé de Bogotá, D.C., Colombia"
"Lenox, United States"
"London, United Kingdom"
"Manchester, United Kingdom"
"Oxford, United Kingdom"
"Alexandria, United Kingdom"
"Nihon"
"Osaka, Nihon"
"Sayda, Al-Lubnan"
"Nevada, United States"
"Rio de Janeiro, Brasil"
"Buenos Aires, Argentina"
"Wien, Österreich"
"France"
"Barnsley, United Kingdom"
"Hamburg, Deutschland"
"Mamou, United States"
"Rochford, United Kingdom"
"Guáimaro, Cuba"
"Edinburgh, United Kingdom"
"Lisboa, Portugal"
"Littlehampton, United Kingdom"
"Derbyshire, United Kingdom"
"Arkansas, United States"
"Midlands, United Kingdom"
"Doncaster, United Kingdom"
"Middlesbrough, United Kingdom"
"Northampton, United Kingdom"
"London, United Kingdom"
"Bogotá, Colombia"
"Savannakhét, Lao"
"São Paulo, Brasil"
"La Habana, Cuba"
"Lisburn, United Kingdom"
"Valencia, Venezuela"
"New Zealand"
"New York, United States"
"Los Angeles, United States"
"England, United Kingdom"
"Paris, France"
"Magyarország"
"Victoria, Zhonghua"
"Italia"
"Aimorés, Brasil"
"Wichita, United States"
"London, United Kingdom"
"Great Britain, United Kingdom"
"Kingston-upon-Thames, United Kingdom"
"Croydon, United Kingdom"
"Detroit, United States"
"Cambridge, United Kingdom"
"North Yorkshire, United Kingdom"
"Yorkshire, United Kingdom"
"Kent, United Kingdom"
"Gravesend, United Kingdom"
"Cherven Bryag, Bulgaria"
"Belfast, United Kingdom"
"London, United Kingdom"
"Patna, Bharat"
"Athínai, Ellás"
"Walthamstow, United Kingdom"
"Éire"
"London, United Kingdom"
"Piemonte, Italia"
"New London, United States"
"Cape Town, South Africa"
"Worcestershire, United Kingdom"
"Torino, Italia"
"Andorno Micca, Italia"
"Brooklyn, United States"
"United Kingdom"
"Birmingham, United Kingdom"
"Mauritius, Mauritius"
"Terezín, Ceská Republika"
"Glasgow, United Kingdom"
"Jönköping, Sverige"
"Düsseldorf, Deutschland"
"Brasil"
"Sutton Coldfield, United Kingdom"
"Morioka, Nihon"
"Soul, Taehan Min'guk"
"Nihon"
"England, United Kingdom"
"Boston, United States"
"Aberdeen, United Kingdom"
"Kalisz, Polska"
"Lisboa, Portugal"
"Ceská Republika"
"Zhonghua"
"Warszawa, Polska"
"Cleveland, United States"
"Ciudad de México, México"
"Glasgow, United Kingdom"
"United States"
"München, Deutschland"
"Great Britain, United Kingdom"
"Stratford-upon-Avon, United Kingdom"
"London, United Kingdom"
"Johannesburg, South Africa"
"Cambridge, United Kingdom"
"Al-Qahirah, Misr"
"Detroit, United States"
"Bethlehem, United States"
"Holyoke, United States"
"Woking, United Kingdom"
"Bayrut, Al-Lubnan"
"Bayrut, Al-Lubnan"
"Dugny, France"
"Misr"
"Tehran, Îran"
"Tehran, Îran"
"Tehran, Îran"
"Wallasey, United Kingdom"
"Istanbul, Türkiye"
"Groningen, Nederland"
"Rijeka, Hrvatska"
"Matsqui, Canada"
"Pabianice, Polska"
"Cambridge, United Kingdom"
"Fujian, Zhonghua"
"Athínai, Ellás"
"Leeds, United Kingdom"
"Bayrut, Al-Lubnan"
"London, United Kingdom"
"Zagreb, Hrvatska"
"Bharat"
"s Gravenhage, Nederland"
"Jilin, Zhonghua"
"Krung Thep, Prathet Thai"
"Long Beach, United States"
"Chicago, United States"
"Channel Islands, United Kingdom"
"London, United Kingdom"
"Nagasaki, Nihon"
"Kyoto, Nihon"
"Ina, Nihon"
"Recife, Brasil"
"Nova Friburgo, Brasil"
"Bitburg, Deutschland"
"Sverige"
"New York, United States"
"Lisboa, Portugal"
"Cape Town, South Africa"
"Yisra'el"
"Suriyah"
"Ceská Republika"
"Îran"
"Bayrut, Al-Lubnan"
"Marj ‘Uyun, Al-Lubnan"
"Izmir, Türkiye"
"Pembury, United Kingdom"
"Dimashq, Suriyah"
"London, United Kingdom"
"Köln, Deutschland"
"Paris, France"
"Warszawa, Polska"
"Milano, Italia"
"Lisboa, Portugal"
"Leighton Buzzard, United Kingdom"
"São Paulo, Brasil"
"London, United Kingdom"
"Moskva, Rossiya"
"Moskva, Rossiya"
"Benalla, Australia"
"Trowbridge, United Kingdom"
"Bournemouth, United Kingdom"
"Saint Louis City, United States"
"Maceió, Brasil"
"Deutschland"
"United Kingdom"
"Gdansk, Polska"
"La Plata, Argentina"
"Al-Qahirah, Misr"
"Santiago, Chile"
"Bronx, United States"
"Türkiye"
"Al-Qahirah, Misr"
"Tehran, Îran"
"Tehran, Îran"
"Tokyo, Nihon"
"Goch, Deutschland"
"Bogotá, Colombia"
"Nigeria"
"Tokyo, Nihon"
"Johannesburg, South Africa"
"London, United Kingdom"
"Racine, United States"
"Berlin, Deutschland"
"Glasgow, United Kingdom"
"Edinburgh, United Kingdom"
"Columbus, United States"
"Geelong, Australia"
"Bad Kreuznach, Deutschland"
"Deutschland"
"Velbert, Deutschland"
"Qazvin, Îran"
"Trowbridge, United Kingdom"
"Manchester, United Kingdom"
"Ilkley, United Kingdom"
"Detroit, United States"
"Kowon-up, Choson Minjujuui In'min Konghwaguk"
"London, United Kingdom"
"Yerushalayim, Yisra'el"
"Bucuresti, România"
"Chipping Norton, United Kingdom"
"Detroit, United States"
"As-Sudan"
"Aligarh, Bharat"
"Colombo, Sri Lanka"
"Chittagong, Bangladesh"
"Tallahassee, United States"
"Bruxelles, België"
"Harpenden, United Kingdom"
"Bessemer, United States"
"Hythe, United Kingdom"
"Glasgow, United Kingdom"
"Melmerby"
